frame_index_interval_start,frame_index_interval_end,host,start_time,end_time
0,248,host-a013,1572643684617362176,1572643709617362176
248,497,host-a013,1572643749559148288,1572643774559148288
497,746,host-a013,1572643774559148288,1572643799559148288
746,995,host-a013,1572643799559148288,1572643824559148288
995,1244,host-a013,1572643824559148288,1572643849559148288
1244,1493,host-a013,1572643849559148288,1572643874559148288
1493,1742,host-a013,1572643874559148288,1572643899559148288
1742,1991,host-a013,1572643899559148288,1572643924559148288
1991,2240,host-a013,1572643924559148288,1572643949559148288
2240,2489,host-a013,1572643949559148288,1572643974559148288
2489,2738,host-a013,1572643974559148288,1572643999559148288
2738,2987,host-a013,1572643999559148288,1572644024559148288
2987,3236,host-a013,1572644024559148288,1572644049559148288
3236,3485,host-a013,1572644049559148288,1572644074559148288
3485,3734,host-a013,1572644074559148288,1572644099559148288
3734,3983,host-a013,1572644099559148288,1572644124559148288
3983,4232,host-a013,1572644124559148288,1572644149559148288
4232,4481,host-a013,1572644149559148288,1572644174559148288
4481,4730,host-a013,1572644174559148288,1572644199559148288
4730,4979,host-a013,1572644199559148288,1572644224559148288
4979,5228,host-a013,1572644224559148288,1572644249559148288
5228,5477,host-a013,1572644249559148288,1572644274559148288
5477,5725,host-a013,1572644318672167168,1572644343672167168
5725,5973,host-a013,1572644343672167168,1572644368672167168
5973,6221,host-a013,1572644439610481408,1572644464610481408
6221,6469,host-a013,1572644464610481408,1572644489610481408
6469,6717,host-a013,1572644489610481408,1572644514610481408
6717,6965,host-a013,1572644514610481408,1572644539610481408
6965,7213,host-a013,1572644539610481408,1572644564610481408
7213,7461,host-a013,1572644564610481408,1572644589610481408
7461,7709,host-a013,1572644589610481408,1572644614610481408
7709,7957,host-a013,1572644614610481408,1572644639610481408
7957,8205,host-a013,1572644639610481408,1572644664610481408
8205,8453,host-a013,1572644664610481408,1572644689610481408
8453,8701,host-a013,1572644689610481408,1572644714610481408
8701,8949,host-a013,1572644714610481408,1572644739610481408
8949,9197,host-a013,1572644739610481408,1572644764610481408
9197,9445,host-a013,1572644764610481408,1572644789610481408
9445,9693,host-a013,1572644816986979840,1572644841986979840
9693,9941,host-a013,1572644841986979840,1572644866986979840
9941,10189,host-a013,1572644866986979840,1572644891986979840
10189,10437,host-a013,1572644891986979840,1572644916986979840
10437,10685,host-a013,1572644916986979840,1572644941986979840
10685,10933,host-a013,1572644941986979840,1572644966986979840
10933,11182,host-a013,1572645026725150464,1572645051725150464
11182,11431,host-a013,1572645051725150464,1572645076725150464
11431,11680,host-a013,1572645076725150464,1572645101725150464
11680,11929,host-a013,1572645101725150464,1572645126725150464
11929,12177,host-a101,1571086539890067456,1571086564890067456
12177,12425,host-a101,1571086564890067456,1571086589890067456
12425,12673,host-a101,1571086589890067456,1571086614890067456
12673,12921,host-a101,1571086614890067456,1571086639890067456
12921,13169,host-a101,1571086639890067456,1571086664890067456
13169,13417,host-a101,1571086664890067456,1571086689890067456
13417,13665,host-a101,1571086689890067456,1571086714890067456
13665,13913,host-a101,1571086714890067456,1571086739890067456
13913,14161,host-a101,1571086739890067456,1571086764890067456
14161,14409,host-a101,1571086764890067456,1571086789890067456
14409,14657,host-a101,1571086789890067456,1571086814890067456
14657,14905,host-a101,1571086845291787776,1571086870291787776
14905,15153,host-a101,1571086870291787776,1571086895291787776
15153,15401,host-a101,1571086895291787776,1571086920291787776
15401,15649,host-a101,1571086969232371712,1571086994232371712
15649,15897,host-a101,1571087018832632832,1571087043832632832
15897,16145,host-a101,1571087043832632832,1571087068832632832
16145,16393,host-a101,1571087068832632832,1571087093832632832
16393,16641,host-a101,1571087172533298432,1571087197533298432
16641,16889,host-a101,1571087470014114816,1571087495014114816
16889,17137,host-a101,1571087495014114816,1571087520014114816
17137,17385,host-a101,1571087520014114816,1571087545014114816
17385,17633,host-a101,1571087545014114816,1571087570014114816
17633,17881,host-a101,1571087598734638080,1571087623734638080
17881,18129,host-a101,1571087623734638080,1571087648734638080
18129,18377,host-a101,1571087648734638080,1571087673734638080
18377,18625,host-a101,1571087673734638080,1571087698734638080
18625,18874,host-a101,1571087736955702016,1571087761955702016
18874,19123,host-a101,1571087761955702016,1571087786955702016
19123,19372,host-a101,1571087786955702016,1571087811955702016
19372,19621,host-a101,1571087811955702016,1571087836955702016
19621,19870,host-a101,1571087836955702016,1571087861955702016
19870,20118,host-a101,1571087882295097600,1571087907295097600
20118,20366,host-a101,1571087907295097600,1571087932295097600
20366,20614,host-a101,1571087967695307008,1571087992695307008
20614,20862,host-a101,1571844250006710272,1571844275006710272
20862,21110,host-a101,1571844275006710272,1571844300006710272
21110,21358,host-a101,1571844300006710272,1571844325006710272
21358,21607,host-a101,1571844350966284800,1571844375966284800
21607,21856,host-a101,1571844375966284800,1571844400966284800
21856,22105,host-a101,1571844400966284800,1571844425966284800
22105,22354,host-a101,1571844425966284800,1571844450966284800
22354,22603,host-a101,1571844450966284800,1571844475966284800
22603,22852,host-a101,1571844475966284800,1571844500966284800
22852,23101,host-a101,1571844500966284800,1571844525966284800
23101,23350,host-a101,1571844525966284800,1571844550966284800
23350,23598,host-a101,1571844585505151232,1571844610505151232
23598,23846,host-a101,1571844610505151232,1571844635505151232
23846,24094,host-a101,1571844635505151232,1571844660505151232
24094,24342,host-a101,1571844660505151232,1571844685505151232
24342,24590,host-a101,1571844685505151232,1571844710505151232
24590,24838,host-a101,1571844710505151232,1571844735505151232
