,ti1_centroid_x,ti1_centroid_y,ti2_centroid_x,ti2_centroid_y,ti3_centroid_x,ti3_centroid_y,ti4_centroid_x,ti4_centroid_y,ti7_centroid_x,ti7_centroid_y,ti8_centroid_x,ti8_centroid_y,ti153_centroid_x,ti153_centroid_y,ti243_centroid_x,ti243_centroid_y,ti261_centroid_x,ti261_centroid_y,ti333_centroid_x,ti333_centroid_y,ti427_centroid_x,ti427_centroid_y,ti483_centroid_x,ti483_centroid_y,ti508_centroid_x,ti508_centroid_y,ti476_centroid_x,ti476_centroid_y,ti662_centroid_x,ti662_centroid_y,ti837_centroid_x,ti837_centroid_y,ti846_centroid_x,ti846_centroid_y,ti857_centroid_x,ti857_centroid_y,ti891_centroid_x,ti891_centroid_y,ti902_centroid_x,ti902_centroid_y,ti914_centroid_x,ti914_centroid_y,ti919_centroid_x,ti919_centroid_y,ti954_centroid_x,ti954_centroid_y,ti1014_centroid_x,ti1014_centroid_y,ti1071_centroid_x,ti1071_centroid_y,ti1081_centroid_x,ti1081_centroid_y,ti1092_centroid_x,ti1092_centroid_y,ti1116_centroid_x,ti1116_centroid_y
0,698.4867553710938,-2145.407958984375,675.2310791015625,-2192.09716796875,643.3925170898438,-2245.469970703125,730.27197265625,-2107.8154296875,752.4624633789062,-2191.110107421875,738.248046875,-2192.38232421875,645.0836791992188,-2252.275390625,643.5599975585938,-2246.840576171875,646.0367431640625,-2254.629638671875,651.837646484375,-2261.435546875,692.2115478515625,-2288.7470703125,611.9740600585938,-2240.6845703125,715.064208984375,-2304.440673828125,612.872314453125,-2241.398193359375,641.8018188476562,-2236.106201171875,646.1566162109375,-2256.729736328125,537.8770751953125,-2403.992431640625,575.5376586914062,-2369.232421875,596.4078369140625,-2366.385009765625,537.7369995117189,-2403.950927734375,607.7111206054688,-2373.575927734375,619.4789428710938,-2378.209716796875,572.2442626953125,-2373.485595703125,541.5526733398439,-2428.541259765625,580.5211181640625,-2384.630859375,537.7908935546875,-2417.071533203125,599.464599609375,-2395.933349609375,539.3373413085939,-2419.7421875
1,697.1019897460938,-2147.39501953125,675.9738159179688,-2191.045654296875,643.6344604492188,-2244.4990234375,731.3905639648438,-2105.808349609375,751.0408325195312,-2191.54833984375,738.11962890625,-2192.5185546875,644.4268188476562,-2252.048583984375,643.25,-2246.4150390625,645.8280029296875,-2254.403076171875,650.5353393554688,-2260.609619140625,690.3704833984375,-2287.636962890625,611.7210083007812,-2240.47998046875,712.2266845703125,-2302.40380859375,612.750732421875,-2241.286376953125,640.93505859375,-2237.98193359375,645.3970336914062,-2255.503662109375,537.8833618164061,-2403.99267578125,575.5443115234375,-2369.230224609375,596.5977783203125,-2365.044921875,538.0032958984375,-2404.333251953125,607.6915893554688,-2373.3095703125,619.4808959960938,-2378.21337890625,572.3715209960938,-2373.420166015625,541.5449829101561,-2428.544677734375,580.524658203125,-2384.6357421875,537.7799682617189,-2417.06298828125,599.4813232421875,-2395.916259765625,539.3392944335939,-2419.7392578125
2,696.5599365234375,-2148.291748046875,677.0617065429688,-2189.620361328125,643.6948852539062,-2243.690185546875,732.0849609375,-2104.76904296875,751.0471801757812,-2191.544677734375,738.1201171875,-2192.453369140625,644.768798828125,-2251.82177734375,643.4090576171875,-2246.183837890625,645.6776123046875,-2254.10107421875,650.2037963867188,-2260.285400390625,689.031494140625,-2286.7822265625,611.6318969726562,-2240.47998046875,710.2589111328125,-2301.248779296875,612.6018676757812,-2241.18115234375,640.1848754882812,-2238.71875,644.9596557617188,-2254.958251953125,537.9207763671875,-2403.962890625,575.1427612304688,-2369.044921875,596.6011962890625,-2365.042724609375,537.9290161132811,-2404.361572265625,607.6837768554688,-2373.151123046875,619.48876953125,-2378.2138671875,572.4512329101562,-2373.362548828125,541.5420532226561,-2428.5458984375,580.5214233398438,-2384.645263671875,537.7813110351561,-2417.05908203125,599.4822998046875,-2395.918212890625,539.341796875,-2419.72900390625
3,695.9446411132812,-2149.177734375,677.5565795898438,-2188.4638671875,644.15673828125,-2243.452880859375,732.7422485351562,-2103.826904296875,751.047607421875,-2191.539306640625,738.1470336914062,-2192.443115234375,644.7997436523438,-2251.586181640625,643.9149169921875,-2246.0869140625,645.3391723632812,-2253.620361328125,649.6788940429688,-2259.739990234375,687.9066772460938,-2285.91943359375,611.5989379882812,-2240.50146484375,709.0543823242188,-2300.412109375,612.5194702148438,-2241.13037109375,639.8639526367188,-2239.530517578125,644.83203125,-2254.425048828125,537.89794921875,-2403.885009765625,574.93798828125,-2369.09521484375,596.6058959960938,-2365.0390625,537.8973388671875,-2404.326416015625,607.6658325195312,-2373.089599609375,619.4945678710938,-2378.211181640625,572.4859008789062,-2373.357666015625,541.540771484375,-2428.548828125,581.0382080078125,-2382.57373046875,537.8026123046875,-2417.05517578125,599.482177734375,-2395.914794921875,539.338623046875,-2419.72119140625
4,695.39013671875,-2150.040283203125,678.3162841796875,-2187.482666015625,644.1004638671875,-2242.591064453125,733.4646606445312,-2102.807861328125,751.060302734375,-2191.537841796875,738.4970092773438,-2192.642578125,644.736083984375,-2251.339599609375,643.7333374023438,-2245.5283203125,645.0964965820312,-2253.27099609375,648.9059448242188,-2259.001220703125,686.47119140625,-2285.36962890625,611.6481323242188,-2240.527099609375,707.9940795898438,-2299.512451171875,612.4723510742188,-2241.09326171875,639.4688720703125,-2240.34619140625,644.6727294921875,-2253.886474609375,537.9876098632811,-2403.93798828125,574.7738647460938,-2369.08349609375,596.608154296875,-2365.038330078125,537.958984375,-2404.334228515625,607.7135009765625,-2373.071533203125,619.5006713867188,-2379.12109375,572.6173095703125,-2373.455078125,541.5465698242189,-2428.556884765625,581.0429077148438,-2382.5634765625,537.5914916992189,-2415.701171875,599.4806518554688,-2395.913330078125,539.321533203125,-2419.710693359375
5,694.723876953125,-2151.0078125,678.9365844726562,-2186.4775390625,644.187255859375,-2241.88427734375,733.8603515625,-2102.2607421875,751.0535278320312,-2191.534912109375,738.7154541015625,-2192.7646484375,644.5839233398438,-2251.4453125,643.6799926757812,-2245.095458984375,644.8228759765625,-2252.754150390625,648.1974487304688,-2258.326904296875,685.3345336914062,-2284.50390625,611.5858764648438,-2240.51123046875,706.83154296875,-2298.75341796875,612.5142822265625,-2241.1298828125,638.9876098632812,-2241.083984375,644.3486328125,-2253.166015625,538.1651611328125,-2404.133544921875,574.9073486328125,-2369.07080078125,596.6075439453125,-2365.041015625,537.8531494140625,-2404.3369140625,607.6809692382812,-2373.155029296875,619.5257568359375,-2379.41259765625,572.71875,-2373.51904296875,541.5578002929689,-2428.611572265625,581.0490112304688,-2382.56005859375,537.668212890625,-2415.76806640625,599.4798583984375,-2395.919921875,539.0000610351561,-2419.709716796875
6,694.1945190429688,-2151.85498046875,679.5696411132812,-2185.48583984375,644.32568359375,-2241.200439453125,734.3316040039062,-2101.57861328125,751.0728149414062,-2191.47998046875,738.872314453125,-2192.863037109375,644.635986328125,-2251.323974609375,643.7139892578125,-2244.602294921875,644.7771606445312,-2252.6591796875,647.7202758789062,-2257.763671875,684.1416625976562,-2283.6455078125,611.5252075195312,-2240.48876953125,705.6593017578125,-2298.050048828125,612.5439453125,-2241.159912109375,638.5616455078125,-2241.859619140625,644.1077880859375,-2252.4697265625,537.8344116210939,-2403.859619140625,575.064697265625,-2369.002197265625,596.6083374023438,-2365.032470703125,537.8423461914061,-2404.365234375,607.7362060546875,-2373.05126953125,619.5233764648438,-2379.7314453125,572.8199462890625,-2373.491943359375,541.5509643554689,-2428.60791015625,581.06689453125,-2382.546630859375,537.5067138671875,-2415.244140625,599.4823608398438,-2395.918212890625,538.9119262695311,-2419.50634765625
7,693.709716796875,-2152.7666015625,680.1981811523438,-2184.458740234375,644.4548950195312,-2240.413818359375,734.8167724609375,-2100.7080078125,751.0208740234375,-2191.475830078125,738.6503295898438,-2192.59326171875,644.3917846679688,-2250.8994140625,643.8218994140625,-2244.04541015625,644.5371704101562,-2252.13330078125,647.3865356445312,-2257.433349609375,683.0159912109375,-2282.895751953125,611.5549926757812,-2240.52685546875,704.6721801757812,-2297.421142578125,612.173828125,-2240.878662109375,638.1611938476562,-2242.6298828125,643.9154663085938,-2251.772705078125,537.7009887695311,-2403.989501953125,575.0269165039062,-2369.02099609375,596.61279296875,-2365.036865234375,537.8851928710939,-2404.405029296875,607.7228393554688,-2372.909912109375,619.5089111328125,-2379.53955078125,572.8461303710938,-2373.49755859375,541.556640625,-2428.61474609375,581.0731811523438,-2382.546630859375,537.3531494140625,-2415.2138671875,599.2127685546875,-2396.023681640625,538.884033203125,-2419.455078125
8,693.1041259765625,-2153.623291015625,680.85400390625,-2183.462890625,644.5643310546875,-2239.6474609375,735.457275390625,-2099.71142578125,750.986572265625,-2191.553955078125,738.624267578125,-2192.58447265625,644.3760375976562,-2250.71728515625,643.9683227539062,-2243.578369140625,644.31494140625,-2251.524169921875,646.9895629882812,-2257.03173828125,681.8277587890625,-2282.103515625,611.4075317382812,-2240.400634765625,703.7235717773438,-2296.769287109375,611.983642578125,-2240.74560546875,637.8602294921875,-2243.3818359375,643.8397827148438,-2251.0654296875,537.6911010742189,-2404.021728515625,575.0529174804688,-2369.08251953125,596.6163330078125,-2365.03564453125,537.9402465820311,-2404.44287109375,608.0654907226562,-2372.871826171875,619.4541625976562,-2379.7958984375,572.9483642578125,-2373.598388671875,542.2813110351561,-2428.325439453125,581.077880859375,-2382.5419921875,537.3889770507811,-2415.07666015625,599.567138671875,-2395.495361328125,538.8411254882811,-2419.506103515625
9,692.5189819335938,-2154.56201171875,681.5077514648438,-2182.455322265625,644.8314819335938,-2238.903076171875,736.1099243164062,-2098.71142578125,750.9855346679688,-2191.54345703125,738.6072998046875,-2192.573486328125,644.3619995117188,-2250.537109375,644.132080078125,-2243.06982421875,644.0662231445312,-2250.8115234375,646.3252563476562,-2256.302001953125,680.6808471679688,-2281.3837890625,611.4044189453125,-2240.373779296875,702.5393676757812,-2296.0654296875,611.8045654296875,-2240.595458984375,637.5542602539062,-2244.1494140625,643.6484375,-2250.315185546875,537.675537109375,-2404.054443359375,575.6836547851562,-2369.396240234375,596.6181640625,-2365.03955078125,537.9942626953125,-2404.443115234375,608.4600219726562,-2373.0546875,619.4521484375,-2379.791015625,572.9301147460938,-2373.595703125,542.302001953125,-2428.34326171875,581.080810546875,-2382.539306640625,537.3050537109375,-2415.107421875,599.642333984375,-2395.399658203125,539.2715454101561,-2420.282958984375
10,691.8994140625,-2155.446533203125,682.13916015625,-2181.45068359375,645.092529296875,-2238.09814453125,,,750.982421875,-2191.54541015625,,,,,644.4031982421875,-2242.181640625,643.9426879882812,-2250.323974609375,645.9046020507812,-2255.749267578125,679.5126953125,-2280.649658203125,611.333740234375,-2239.98974609375,701.72216796875,-2295.59716796875,610.9617309570312,-2239.824951171875,637.28662109375,-2244.876220703125,643.4915771484375,-2249.6455078125,537.6661987304689,-2404.08447265625,576.072265625,-2369.67529296875,596.6244506835938,-2365.042724609375,537.8826904296875,-2404.462646484375,608.5567626953125,-2373.3671875,619.45361328125,-2379.790771484375,572.9528198242188,-2373.61328125,542.3875732421875,-2428.3671875,581.0840454101562,-2382.545654296875,537.1790771484375,-2415.01220703125,599.6470947265625,-2395.40234375,539.5032958984375,-2420.76806640625
11,691.2528076171875,-2156.391845703125,682.7708740234375,-2180.471435546875,645.4288330078125,-2237.2568359375,,,,,,,,,644.5363159179688,-2241.681640625,643.7359008789062,-2249.43359375,645.5394287109375,-2255.22265625,678.3435668945312,-2279.8505859375,611.21630859375,-2239.9990234375,700.2808227539062,-2294.677734375,610.9752807617188,-2239.83837890625,637.0003051757812,-2245.662353515625,643.208984375,-2248.74658203125,,,576.3799438476562,-2369.797607421875,596.4307250976562,-2365.592529296875,537.953369140625,-2404.488525390625,608.558349609375,-2373.36669921875,,,572.9593505859375,-2373.6240234375,542.2352905273439,-2428.33837890625,,,537.14990234375,-2414.984130859375,,,539.7265014648439,-2420.927734375
12,690.6599731445312,-2157.307861328125,683.42236328125,-2179.498046875,645.9235229492188,-2236.261962890625,,,,,,,,,644.7015991210938,-2241.10498046875,643.6190185546875,-2248.89990234375,645.1432495117188,-2254.679931640625,677.36279296875,-2279.20361328125,611.1450805664062,-2240.007080078125,698.9539794921875,-2293.7939453125,611.0769653320312,-2240.020751953125,636.8291625976562,-2246.40478515625,643.2581787109375,-2247.89990234375,,,576.00830078125,-2369.562255859375,596.4290771484375,-2365.586669921875,538.0211181640625,-2404.532958984375,608.5582275390625,-2373.369384765625,,,573.10986328125,-2373.666015625,542.2953491210939,-2428.286865234375,,,537.0684814453125,-2414.982421875,,,539.8818359375,-2421.25
13,690.2064819335938,-2158.0078125,684.0616455078125,-2178.48291015625,646.3832397460938,-2235.34130859375,,,,,,,,,644.9497680664062,-2240.329833984375,643.7012939453125,-2248.554443359375,644.799072265625,-2254.13232421875,676.2869262695312,-2278.4912109375,611.1393432617188,-2240.04443359375,698.0289306640625,-2293.243896484375,611.0814208984375,-2240.051513671875,636.6995849609375,-2247.178466796875,643.1406860351562,-2247.09619140625,,,575.7948608398438,-2369.493896484375,596.4277954101562,-2365.58251953125,537.9456176757811,-2404.663818359375,,,,,573.220703125,-2373.67724609375,542.1837768554689,-2428.35888671875,,,537.0977172851561,-2414.988525390625,,,,
14,689.5670166015625,-2158.959228515625,684.6781005859375,-2177.507080078125,646.8305053710938,-2234.480712890625,,,,,,,,,645.165771484375,-2239.540771484375,643.6702270507812,-2248.469970703125,644.4918212890625,-2253.55908203125,675.2404174804688,-2277.785888671875,611.0771484375,-2240.017578125,696.6759033203125,-2292.2060546875,611.4127807617188,-2240.389892578125,636.605224609375,-2248.070556640625,643.1270751953125,-2246.2890625,,,575.6458740234375,-2369.494873046875,596.43115234375,-2365.5849609375,537.8811645507811,-2404.69873046875,,,,,573.3040771484375,-2373.685791015625,542.1187744140625,-2428.378173828125,,,537.0543212890625,-2414.99658203125,,,,
15,688.9254760742188,-2159.9453125,685.2828369140625,-2176.607421875,647.3194580078125,-2233.66259765625,,,,,,,,,645.4369506835938,-2238.880126953125,643.535888671875,-2247.860107421875,644.1849975585938,-2252.854736328125,674.16552734375,-2277.064697265625,611.0365600585938,-2239.99853515625,695.7460327148438,-2291.697021484375,611.4354858398438,-2240.427734375,636.50830078125,-2249.020751953125,643.3233642578125,-2245.739501953125,,,575.5360717773438,-2369.49072265625,596.185546875,-2365.992431640625,538.0152587890625,-2404.72119140625,,,,,573.361083984375,-2373.693359375,542.2340698242189,-2428.444580078125,,,537.0186767578125,-2415.025634765625,,,,
16,688.4052734375,-2160.76513671875,685.929443359375,-2175.644775390625,647.5697631835938,-2233.239501953125,,,,,,,,,645.725830078125,-2238.228271484375,643.3101806640625,-2247.03271484375,643.9164428710938,-2252.101806640625,673.138671875,-2276.3828125,611.3654174804688,-2240.113525390625,694.5653686523438,-2290.946044921875,611.5545654296875,-2240.54052734375,636.5177001953125,-2249.81396484375,643.506103515625,-2244.96435546875,,,575.4220581054688,-2369.632568359375,596.1800537109375,-2365.985595703125,537.9322509765625,-2404.73388671875,,,,,573.4192504882812,-2373.682861328125,542.2174682617189,-2428.53759765625,,,536.9742431640625,-2415.035400390625,,,,
17,687.779296875,-2161.73046875,686.5758056640625,-2174.680908203125,648.1384887695312,-2232.37451171875,,,,,,,,,646.0385131835938,-2237.61279296875,643.1787719726562,-2246.241943359375,643.7363891601562,-2251.422607421875,672.0352172851562,-2275.692138671875,611.3649291992188,-2240.20849609375,693.3834838867188,-2290.196533203125,611.5868530273438,-2240.587890625,636.5435791015625,-2250.602783203125,643.4318237304688,-2244.275146484375,,,575.0604858398438,-2369.488525390625,596.177978515625,-2365.980712890625,537.978759765625,-2404.740478515625,,,,,573.4453125,-2373.729248046875,542.36669921875,-2428.503173828125,,,536.9652709960939,-2415.056640625,,,,
18,687.2357788085938,-2162.556640625,687.2232666015625,-2173.703857421875,648.585693359375,-2231.748046875,,,,,,,,,646.3624267578125,-2236.985595703125,643.2108764648438,-2245.47607421875,643.5697021484375,-2250.7177734375,670.979248046875,-2275.04443359375,611.2760620117188,-2240.28125,,,611.5836181640625,-2240.6298828125,636.5948486328125,-2251.44140625,643.742919921875,-2243.352294921875,,,575.1460571289062,-2369.56982421875,,,537.9871215820311,-2404.65576171875,,,,,573.46484375,-2373.713623046875,542.6268920898439,-2428.369140625,,,537.0709228515625,-2415.223388671875,,,,
19,686.6156616210938,-2163.476806640625,687.865478515625,-2172.697021484375,649.047607421875,-2231.034423828125,,,,,,,,,646.61474609375,-2236.559814453125,643.2332153320312,-2245.029541015625,643.455322265625,-2250.099365234375,669.8936767578125,-2274.322509765625,611.1664428710938,-2240.18310546875,,,611.6141967773438,-2240.6640625,636.6726684570312,-2252.235107421875,644.0564575195312,-2242.467529296875,,,575.260498046875,-2369.580810546875,,,538.0027465820311,-2404.682373046875,,,,,573.4911499023438,-2373.71435546875,542.656005859375,-2428.36279296875,,,537.0347900390625,-2415.1806640625,,,,
20,686.0210571289062,-2164.4140625,688.543212890625,-2171.728759765625,649.5702514648438,-2230.30859375,,,,,,,,,646.936767578125,-2236.0517578125,643.28173828125,-2244.44775390625,643.3706665039062,-2249.4873046875,668.8571166992188,-2273.652099609375,,,,,,,636.7645874023438,-2253.04541015625,644.297607421875,-2241.593994140625,,,575.2526245117188,-2369.69482421875,,,538.03466796875,-2404.595703125,,,,,573.5046997070312,-2373.7236328125,542.462646484375,-2428.5048828125,,,,,,,,
21,685.480224609375,-2165.20654296875,689.1723022460938,-2170.761962890625,650.1047973632812,-2229.53125,,,,,,,,,647.2979125976562,-2235.462158203125,643.3515625,-2243.828125,643.2952270507812,-2248.84716796875,667.8096313476562,-2272.975830078125,,,,,,,636.887939453125,-2253.84912109375,644.3451538085938,-2240.718017578125,,,575.2611083984375,-2369.755859375,,,537.9879760742189,-2404.507568359375,,,,,573.4882202148438,-2373.7373046875,542.4788818359375,-2428.522216796875,,,,,,,,
22,684.83251953125,-2166.149658203125,689.8662719726562,-2169.718017578125,650.6610107421875,-2228.747314453125,,,,,,,,,647.6614379882812,-2234.824462890625,643.5399169921875,-2243.10791015625,643.2459716796875,-2248.17041015625,666.8132934570312,-2272.322021484375,,,,,,,637.0634155273438,-2254.682373046875,644.5784912109375,-2240.372802734375,,,575.2877807617188,-2369.80810546875,,,537.810791015625,-2404.399658203125,,,,,573.5210571289062,-2373.762451171875,542.5140991210939,-2428.538330078125,,,,,,,,
23,684.1969604492188,-2167.06689453125,690.509521484375,-2168.70849609375,651.1202392578125,-2228.009033203125,,,,,,,,,648.0396728515625,-2234.212158203125,643.7562255859375,-2242.462646484375,643.2021484375,-2247.448486328125,665.5086059570312,-2271.4716796875,,,,,,,637.289794921875,-2255.5185546875,644.7179565429688,-2239.47705078125,,,575.2562866210938,-2369.826171875,,,537.9434204101561,-2404.509033203125,,,,,573.4818115234375,-2373.789306640625,542.51953125,-2428.5009765625,,,,,,,,
24,683.6744384765625,-2167.884765625,691.1456909179688,-2167.6865234375,651.7252197265625,-2227.17578125,,,,,,,,,648.43798828125,-2233.556884765625,643.961181640625,-2241.805908203125,643.2061767578125,-2246.715576171875,664.4995727539062,-2270.77734375,,,,,,,637.5349731445312,-2256.30029296875,644.8570556640625,-2238.58447265625,,,575.3118286132812,-2369.9033203125,,,537.9344482421875,-2404.517822265625,,,,,573.4781494140625,-2373.788330078125,542.5745849609375,-2428.481201171875,,,,,,,,
25,683.1140747070312,-2168.686767578125,691.802734375,-2166.6689453125,652.26611328125,-2226.3056640625,,,,,,,,,648.8499755859375,-2232.86279296875,644.153564453125,-2241.15869140625,643.2408447265625,-2246.004150390625,663.635986328125,-2270.149169921875,,,,,,,637.7537231445312,-2257.11376953125,644.9876098632812,-2237.685302734375,,,575.360595703125,-2369.97705078125,,,538.0792236328125,-2404.663330078125,,,,,573.4291381835938,-2373.782958984375,542.6444702148439,-2428.456298828125,,,,,,,,
26,682.522216796875,-2169.646728515625,692.4721069335938,-2165.658447265625,652.8706665039062,-2225.464111328125,,,,,,,,,649.26318359375,-2232.171875,644.35107421875,-2240.563720703125,643.331298828125,-2245.2421875,662.7891235351562,-2269.607666015625,,,,,,,638.1066284179688,-2257.9462890625,,,,,575.2908935546875,-2369.94677734375,,,537.8997192382811,-2404.60546875,,,,,573.4308471679688,-2373.80029296875,542.5632934570311,-2428.473876953125,,,,,,,,
27,681.8792114257812,-2170.542724609375,693.2210083007812,-2164.550048828125,653.4766235351562,-2224.620849609375,,,,,,,,,649.705810546875,-2231.441650390625,644.5701904296875,-2240.00146484375,643.434326171875,-2244.474609375,661.9065551757812,-2269.031982421875,,,,,,,638.4849243164062,-2258.7802734375,,,,,575.2946166992188,-2370.09912109375,,,537.8662109375,-2404.654541015625,,,,,573.3626708984375,-2373.795654296875,542.5767211914061,-2428.40966796875,,,,,,,,
28,681.3267822265625,-2171.371337890625,693.88330078125,-2163.472412109375,654.040771484375,-2223.75732421875,,,,,,,,,650.1903076171875,-2230.686767578125,644.8327026367188,-2239.421630859375,643.5762939453125,-2243.668701171875,661.0572509765625,-2268.47705078125,,,,,,,638.8779296875,-2259.552978515625,,,,,575.4287719726562,-2370.202392578125,,,537.8589477539061,-2404.6552734375,,,,,573.314453125,-2373.819091796875,542.5291137695311,-2428.448486328125,,,,,,,,
29,680.7833862304688,-2172.23974609375,694.5908813476562,-2162.4228515625,654.6397705078125,-2222.890625,,,,,,,,,650.6587524414062,-2229.92333984375,645.1337890625,-2238.86328125,643.7445678710938,-2242.887451171875,660.202392578125,-2267.909423828125,,,,,,,639.34765625,-2260.371337890625,,,,,575.4990234375,-2370.24365234375,,,537.9485473632811,-2404.521484375,,,,,573.2560424804688,-2373.78369140625,542.5596923828125,-2428.4287109375,,,,,,,,
30,680.1482543945312,-2173.219482421875,695.244140625,-2161.435302734375,655.23486328125,-2222.02880859375,,,,,,,,,651.12109375,-2229.11962890625,645.4458618164062,-2238.2587890625,643.9014282226562,-2242.093994140625,659.3582153320312,-2267.319091796875,,,,,,,639.6243286132812,-2261.204833984375,,,,,575.4889526367188,-2370.291015625,,,537.87109375,-2404.50537109375,,,,,573.2449951171875,-2373.84521484375,542.5758666992189,-2428.46533203125,,,,,,,,
31,679.51416015625,-2174.1630859375,695.8670043945312,-2160.518798828125,655.82470703125,-2221.15234375,,,,,,,,,651.5933227539062,-2228.30712890625,645.7701416015625,-2237.650390625,644.1143188476562,-2241.29150390625,658.4976806640625,-2266.69921875,,,,,,,640.0934448242188,-2262.010009765625,,,,,575.456787109375,-2370.3076171875,,,537.9215087890625,-2404.4775390625,,,,,573.2897338867188,-2373.841796875,542.6063842773439,-2428.449462890625,,,,,,,,
32,678.9864501953125,-2174.987548828125,696.624267578125,-2159.388671875,656.435791015625,-2220.263427734375,,,,,,,,,652.0851440429688,-2227.497802734375,646.1163330078125,-2237.031494140625,644.404052734375,-2240.480712890625,657.6328125,-2266.1337890625,,,,,,,640.5369262695312,-2262.780029296875,,,,,575.4804077148438,-2370.2802734375,,,537.9688110351561,-2404.4619140625,,,,,573.2066040039062,-2373.87548828125,542.5657348632811,-2428.488525390625,,,,,,,,
33,678.2921752929688,-2175.983154296875,697.2835693359375,-2158.412841796875,657.0316162109375,-2219.35791015625,,,,,,,,,652.5984497070312,-2226.6982421875,646.5369873046875,-2236.387939453125,644.6951904296875,-2239.625,656.8275756835938,-2265.605224609375,,,,,,,641.0899658203125,-2263.493896484375,,,,,575.4669189453125,-2370.380126953125,,,537.9684448242189,-2404.537353515625,,,,,573.2362060546875,-2373.8583984375,542.5599975585939,-2428.46044921875,,,,,,,,
34,677.6632690429688,-2176.930419921875,698.0173950195312,-2157.30908203125,657.62158203125,-2218.451416015625,,,,,,,,,653.0643310546875,-2225.94091796875,646.8985595703125,-2235.756591796875,645.03515625,-2238.81298828125,656.0433349609375,-2265.04833984375,,,,,,,641.6233520507812,-2264.119873046875,,,,,575.720947265625,-2370.38134765625,,,537.8919677734375,-2404.532958984375,,,,,573.2498168945312,-2373.934326171875,542.5233154296875,-2428.46826171875,,,,,,,,
35,676.9948120117188,-2177.885009765625,698.6572875976562,-2156.357666015625,658.2373046875,-2217.571044921875,,,,,,,,,653.5725708007812,-2225.123046875,647.2545166015625,-2235.144775390625,645.4361572265625,-2237.985595703125,655.2691650390625,-2264.486328125,,,,,,,642.12548828125,-2264.550537109375,,,,,575.9124145507812,-2370.491943359375,,,537.8239135742189,-2404.533447265625,,,,,573.2379150390625,-2374.011962890625,542.4839477539061,-2428.47021484375,,,,,,,,
36,676.4156494140625,-2178.904052734375,699.4183959960938,-2155.30078125,658.9020385742188,-2216.732177734375,,,,,,,,,654.105224609375,-2224.298095703125,647.6273193359375,-2234.550537109375,645.87109375,-2237.176025390625,654.5183715820312,-2263.9521484375,,,,,,,642.5582885742188,-2265.2646484375,,,,,576.0156860351562,-2370.531982421875,,,537.8070678710939,-2404.539794921875,,,,,573.2609252929688,-2374.0341796875,,,,,,,,,,
37,675.8096923828125,-2179.783447265625,700.1117553710938,-2154.259033203125,659.4815673828125,-2215.7998046875,,,,,,,,,654.6828002929688,-2223.435302734375,647.9910278320312,-2233.923828125,646.2867431640625,-2236.354248046875,653.7991943359375,-2263.427978515625,,,,,,,642.98974609375,-2265.980224609375,,,,,576.050537109375,-2370.6181640625,,,537.8519897460939,-2404.508056640625,,,,,573.318359375,-2373.976318359375,,,,,,,,,,
38,675.1812744140625,-2180.70166015625,700.8447265625,-2153.131591796875,660.059814453125,-2214.859619140625,,,,,,,,,655.2591552734375,-2222.543212890625,648.3960571289062,-2233.314453125,646.7495727539062,-2235.56103515625,653.0882568359375,-2262.9228515625,,,,,,,,,,,,,576.1320190429688,-2370.64501953125,,,537.92333984375,-2404.501708984375,,,,,573.3314208984375,-2373.991943359375,,,,,,,,,,
39,674.5465087890625,-2181.673583984375,701.5447998046875,-2151.994873046875,660.6514282226562,-2213.9228515625,,,,,,,,,655.8927001953125,-2221.66552734375,648.820556640625,-2232.66796875,647.2224731445312,-2234.701416015625,652.4177856445312,-2262.416259765625,,,,,,,,,,,,,576.1613159179688,-2370.63525390625,,,538.0394897460939,-2404.5693359375,,,,,573.3124389648438,-2374.034423828125,,,,,,,,,,
40,673.9783325195312,-2182.478515625,702.1741943359375,-2151.04541015625,661.2368774414062,-2212.994384765625,,,,,,,,,656.4908447265625,-2220.721923828125,649.2625732421875,-2231.983154296875,647.7510375976562,-2233.91845703125,651.7374267578125,-2261.937744140625,,,,,,,,,,,,,576.1499633789062,-2370.67529296875,,,538.0382690429689,-2404.552001953125,,,,,573.3067016601562,-2374.076171875,,,,,,,,,,
41,673.31640625,-2183.480224609375,702.7249755859375,-2150.176513671875,661.8225708007812,-2212.08056640625,,,,,,,,,657.1165771484375,-2219.781494140625,649.73486328125,-2231.2978515625,648.2630004882812,-2233.110107421875,651.0850219726562,-2261.469482421875,,,,,,,,,,,,,576.1749267578125,-2370.642822265625,,,538.074462890625,-2404.56005859375,,,,,573.3106689453125,-2374.086181640625,,,,,,,,,,
42,672.7260131835938,-2184.39306640625,703.458740234375,-2149.09423828125,662.4180297851562,-2211.16015625,,,,,,,,,657.7446899414062,-2218.812255859375,650.1875,-2230.570556640625,648.7711181640625,-2232.36865234375,650.4578247070312,-2261.073486328125,,,,,,,,,,,,,576.1542358398438,-2370.6767578125,,,538.0819091796875,-2404.559326171875,,,,,573.3165893554688,-2374.09130859375,,,,,,,,,,
43,672.1433715820312,-2185.245849609375,703.9961547851562,-2148.3359375,663.0198974609375,-2210.209716796875,,,,,,,,,658.3404541015625,-2217.830078125,650.66796875,-2229.833740234375,649.2589111328125,-2231.697265625,649.9002075195312,-2260.571044921875,,,,,,,,,,,,,576.08544921875,-2370.678466796875,,,537.9424438476561,-2404.53759765625,,,,,573.3180541992188,-2374.10009765625,,,,,,,,,,
44,671.5228881835938,-2186.228759765625,704.8106079101562,-2147.0703125,663.6305541992188,-2209.26708984375,,,,,,,,,659.0017700195312,-2216.83642578125,651.1782836914062,-2229.0751953125,649.8517456054688,-2230.815673828125,649.3202514648438,-2260.134521484375,,,,,,,,,,,,,576.0853271484375,-2370.72607421875,,,537.9718017578125,-2404.525634765625,,,,,573.3099365234375,-2374.118896484375,,,,,,,,,,
45,670.874755859375,-2187.215576171875,705.5747680664062,-2145.85498046875,664.2218627929688,-2208.339111328125,,,,,,,,,659.614990234375,-2215.8310546875,651.6536254882812,-2228.289306640625,650.430908203125,-2229.94775390625,648.7796630859375,-2259.7392578125,,,,,,,,,,,,,576.0701293945312,-2370.810302734375,,,537.9510498046875,-2404.55224609375,,,,,573.3264770507812,-2374.10498046875,,,,,,,,,,
46,670.2482299804688,-2188.172607421875,706.3035888671875,-2144.682373046875,664.776123046875,-2207.43017578125,,,,,,,,,660.2632446289062,-2214.833984375,652.1096801757812,-2227.623291015625,650.7117919921875,-2229.544189453125,648.3236694335938,-2259.21142578125,,,,,,,,,,,,,576.001220703125,-2370.76123046875,,,537.8900756835939,-2404.556884765625,,,,,573.3180541992188,-2374.136962890625,,,,,,,,,,
47,669.6614379882812,-2189.12744140625,706.7821044921875,-2143.996826171875,665.39306640625,-2206.548828125,,,,,,,,,660.88671875,-2213.864501953125,652.6588745117188,-2226.835205078125,651.3944091796875,-2228.6123046875,647.8851318359375,-2258.689453125,,,,,,,,,,,,,576.0242309570312,-2370.781005859375,,,538.0277709960939,-2404.668212890625,,,,,573.2987670898438,-2374.15576171875,,,,,,,,,,
48,669.0034790039062,-2190.046142578125,707.3179321289062,-2143.14111328125,665.954833984375,-2205.660400390625,,,,,,,,,661.5206298828125,-2212.81591796875,653.1345825195312,-2226.11669921875,652.0864868164062,-2227.6376953125,647.3646240234375,-2258.27099609375,,,,,,,,,,,,,576.045166015625,-2370.7861328125,,,538.192626953125,-2404.846435546875,,,,,,,,,,,,,,,,
49,668.4063720703125,-2191.008056640625,707.9671020507812,-2142.133056640625,666.5667724609375,-2204.746826171875,,,,,,,,,662.0595092773438,-2211.96728515625,653.645263671875,-2225.28955078125,652.7305908203125,-2226.701904296875,646.9261474609375,-2257.86181640625,,,,,,,,,,,,,575.9944458007812,-2370.7373046875,,,538.2794189453125,-2404.919189453125,,,,,,,,,,,,,,,,
50,667.845947265625,-2191.906494140625,708.5770874023438,-2141.170166015625,667.1696166992188,-2203.854736328125,,,,,,,,,662.4888916015625,-2211.335205078125,654.1483764648438,-2224.53564453125,653.3013916015625,-2225.838623046875,646.4166870117188,-2257.373046875,,,,,,,,,,,,,575.5151977539062,-2370.39501953125,,,538.1514892578125,-2404.771240234375,,,,,,,,,,,,,,,,
51,667.1812744140625,-2192.938232421875,709.2092895507812,-2140.22412109375,667.7791137695312,-2202.921875,,,,,,,,,663.2625122070312,-2210.09814453125,654.7676391601562,-2223.66845703125,653.8616333007812,-2225.009521484375,645.963623046875,-2256.95556640625,,,,,,,,,,,,,575.1453247070312,-2370.118896484375,,,538.108154296875,-2404.6748046875,,,,,,,,,,,,,,,,
52,666.4786987304688,-2193.92822265625,709.90185546875,-2139.16015625,668.3779296875,-2201.984619140625,,,,,,,,,663.7740478515625,-2209.404296875,655.330810546875,-2222.806640625,654.4672241210938,-2224.1298828125,645.5313110351562,-2256.510498046875,,,,,,,,,,,,,575.2559204101562,-2370.19873046875,,,537.9910278320311,-2404.5419921875,,,,,,,,,,,,,,,,
53,665.7662963867188,-2194.927978515625,710.8551635742188,-2137.72216796875,668.9962768554688,-2201.05615234375,,,,,,,,,664.5694580078125,-2208.220947265625,655.894287109375,-2221.928466796875,655.0443115234375,-2223.294677734375,645.1494140625,-2256.01611328125,,,,,,,,,,,,,575.3790893554688,-2370.285400390625,,,537.9124755859375,-2404.45166015625,,,,,,,,,,,,,,,,
54,665.157470703125,-2195.882568359375,711.7164306640625,-2136.485107421875,669.605712890625,-2200.1259765625,,,,,,,,,665.375732421875,-2207.001220703125,656.2037963867188,-2221.4755859375,655.472900390625,-2222.6806640625,644.7745971679688,-2255.489501953125,,,,,,,,,,,,,575.3577270507812,-2370.262451171875,,,538.2362670898439,-2404.739013671875,,,,,,,,,,,,,,,,
55,664.4868774414062,-2196.827880859375,712.2268676757812,-2135.628173828125,670.2100219726562,-2199.19482421875,,,,,,,,,666.1221923828125,-2205.844970703125,656.53955078125,-2220.88720703125,656.230712890625,-2221.60888671875,644.5855102539062,-2254.884521484375,,,,,,,,,,,,,575.3272094726562,-2370.249755859375,,,538.0682373046875,-2404.5419921875,,,,,,,,,,,,,,,,
56,663.8523559570312,-2197.83447265625,712.8599853515625,-2134.676513671875,670.80908203125,-2198.26025390625,,,,,,,,,666.8275146484375,-2204.69775390625,656.9461059570312,-2220.31640625,656.7005615234375,-2220.87646484375,644.3732299804688,-2254.281982421875,,,,,,,,,,,,,575.4137573242188,-2370.31201171875,,,537.9861450195311,-2404.56640625,,,,,,,,,,,,,,,,
57,663.1517333984375,-2198.84130859375,713.406494140625,-2133.73486328125,671.3843383789062,-2197.323486328125,,,,,,,,,667.556396484375,-2203.64404296875,657.4967041015625,-2219.549072265625,657.2437744140625,-2220.110595703125,644.1610717773438,-2253.71044921875,,,,,,,,,,,,,575.4666137695312,-2370.3583984375,,,537.8899536132811,-2404.452392578125,,,,,,,,,,,,,,,,
58,662.496337890625,-2199.826171875,714.07470703125,-2132.7216796875,671.9803466796875,-2196.412841796875,,,,,,,,,668.2296142578125,-2202.604248046875,658.2807006835938,-2218.35107421875,657.8558959960938,-2219.234619140625,643.922119140625,-2253.165283203125,,,,,,,,,,,,,575.5326538085938,-2370.40625,,,537.8359375,-2404.348388671875,,,,,,,,,,,,,,,,
59,661.8338012695312,-2200.815673828125,714.7320556640625,-2131.69677734375,672.5626831054688,-2195.493896484375,,,,,,,,,668.9114990234375,-2201.527099609375,658.9683227539062,-2217.2275390625,658.4110717773438,-2218.418212890625,643.6919555664062,-2252.56640625,,,,,,,,,,,,,575.6901245117188,-2370.48828125,,,537.7794799804689,-2404.247802734375,,,,,,,,,,,,,,,,
60,661.193603515625,-2201.7802734375,715.4403686523438,-2130.661865234375,673.1170043945312,-2194.61328125,,,,,,,,,669.369140625,-2200.86962890625,659.6648559570312,-2216.1640625,658.9391479492188,-2217.564208984375,643.479736328125,-2252.004150390625,,,,,,,,,,,,,575.7596435546875,-2370.550048828125,,,537.5224609375,-2403.8486328125,,,,,,,,,,,,,,,,
61,660.6298828125,-2202.7421875,716.1657104492188,-2129.584228515625,673.7120361328125,-2193.739990234375,,,,,,,,,669.8682861328125,-2200.09765625,660.225830078125,-2215.185791015625,659.510986328125,-2216.65771484375,643.3108520507812,-2251.462890625,,,,,,,,,,,,,575.9134521484375,-2370.634033203125,,,537.358154296875,-2403.6298828125,,,,,,,,,,,,,,,,
62,660.0236206054688,-2203.69677734375,716.9151611328125,-2128.521484375,674.2678833007812,-2192.848388671875,,,,,,,,,670.5419921875,-2199.064697265625,660.9284057617188,-2214.126953125,660.0494384765625,-2215.822021484375,643.1861572265625,-2250.977294921875,,,,,,,,,,,,,575.8991088867188,-2370.632080078125,,,,,,,,,,,,,,,,,,,,
63,659.404296875,-2204.688232421875,717.6861572265625,-2127.429931640625,674.7703857421875,-2192.0283203125,,,,,,,,,671.344482421875,-2197.9404296875,661.5484008789062,-2213.08642578125,660.7493896484375,-2214.787109375,643.0829467773438,-2250.563232421875,,,,,,,,,,,,,576.0110473632812,-2370.6962890625,,,,,,,,,,,,,,,,,,,,
64,658.7400512695312,-2205.6640625,718.474609375,-2126.34619140625,675.2177734375,-2191.3046875,,,,,,,,,672.0782470703125,-2196.807373046875,662.111328125,-2212.205078125,661.4193725585938,-2213.744873046875,643.0496826171875,-2250.1552734375,,,,,,,,,,,,,575.9710693359375,-2370.68115234375,,,,,,,,,,,,,,,,,,,,
65,658.0504760742188,-2206.6474609375,719.3023681640625,-2125.288818359375,675.7669677734375,-2190.4130859375,,,,,,,,,672.4822387695312,-2196.067626953125,662.687255859375,-2211.2802734375,662.1553344726562,-2212.68896484375,642.7666015625,-2249.587890625,,,,,,,,,,,,,576.0167846679688,-2370.777099609375,,,,,,,,,,,,,,,,,,,,
66,657.4020385742188,-2207.67724609375,720.0919189453125,-2124.216064453125,676.0751342773438,-2189.927978515625,,,,,,,,,673.2432250976562,-2194.94091796875,663.0513916015625,-2210.716552734375,662.796630859375,-2211.64404296875,642.5662841796875,-2248.65234375,,,,,,,,,,,,,576.0575561523438,-2370.8701171875,,,,,,,,,,,,,,,,,,,,
67,656.7534790039062,-2208.64111328125,720.802001953125,-2123.06982421875,676.5116577148438,-2189.184814453125,,,,,,,,,673.8886108398438,-2193.900390625,663.7798461914062,-2209.572265625,663.3739013671875,-2210.789306640625,642.3809204101562,-2247.912353515625,,,,,,,,,,,,,576.122314453125,-2370.841552734375,,,,,,,,,,,,,,,,,,,,
68,656.111328125,-2209.701416015625,721.5569458007812,-2121.907958984375,677.0939331054688,-2188.27734375,,,,,,,,,674.28271484375,-2193.3203125,664.1298828125,-2208.85546875,663.9552001953125,-2209.857421875,642.4315795898438,-2247.25146484375,,,,,,,,,,,,,576.168212890625,-2370.819580078125,,,,,,,,,,,,,,,,,,,,
69,655.4557495117188,-2210.736572265625,722.4592895507812,-2120.876708984375,677.5733642578125,-2187.507568359375,,,,,,,,,674.7582397460938,-2192.545166015625,664.6047973632812,-2208.139404296875,664.6265258789062,-2208.88525390625,642.5596313476562,-2246.648681640625,,,,,,,,,,,,,576.20751953125,-2370.80029296875,,,,,,,,,,,,,,,,,,,,
70,654.824951171875,-2211.7578125,723.3200073242188,-2119.7998046875,678.0446166992188,-2186.79345703125,,,,,,,,,675.2465209960938,-2191.669189453125,665.1129760742188,-2207.312255859375,665.2730712890625,-2207.906005859375,642.6975708007812,-2246.073974609375,,,,,,,,,,,,,576.2024536132812,-2370.83251953125,,,,,,,,,,,,,,,,,,,,
71,654.2047119140625,-2212.746826171875,724.138671875,-2118.70068359375,678.5227661132812,-2186.083251953125,,,,,,,,,675.7817993164062,-2190.788330078125,665.7086791992188,-2206.45263671875,665.94482421875,-2206.941650390625,642.817626953125,-2245.525390625,,,,,,,,,,,,,576.171875,-2370.8515625,,,,,,,,,,,,,,,,,,,,
72,653.5673217773438,-2213.7353515625,725.0514526367188,-2117.652587890625,678.8864135742188,-2185.627685546875,,,,,,,,,676.284423828125,-2190.0009765625,666.3185424804688,-2205.572265625,666.5714111328125,-2205.958740234375,642.9458618164062,-2244.94873046875,,,,,,,,,,,,,576.1690063476562,-2370.888427734375,,,,,,,,,,,,,,,,,,,,
73,652.846435546875,-2214.769775390625,725.8472290039062,-2116.5576171875,679.3656616210938,-2184.858154296875,,,,,,,,,676.8794555664062,-2189.047607421875,666.8807373046875,-2204.59619140625,667.241943359375,-2204.98388671875,643.1371459960938,-2244.3857421875,,,,,,,,,,,,,576.151611328125,-2370.8759765625,,,,,,,,,,,,,,,,,,,,
74,652.2359008789062,-2215.72021484375,726.6652221679688,-2115.4814453125,679.9256591796875,-2184.00244140625,,,,,,,,,677.4937133789062,-2188.068115234375,667.421630859375,-2203.859130859375,667.8695678710938,-2203.761962890625,643.3302001953125,-2243.86962890625,,,,,,,,,,,,,576.0886840820312,-2370.938232421875,,,,,,,,,,,,,,,,,,,,
75,651.5989990234375,-2216.711669921875,727.4649047851562,-2114.40380859375,680.1531372070312,-2183.692138671875,,,,,,,,,678.0833129882812,-2187.123779296875,667.9739990234375,-2202.89892578125,668.5361938476562,-2202.75830078125,643.5543823242188,-2243.2578125,,,,,,,,,,,,,576.056884765625,-2370.9072265625,,,,,,,,,,,,,,,,,,,,
76,651.0488891601562,-2217.560546875,728.1060791015625,-2113.2421875,680.4754028320312,-2183.161376953125,,,,,,,,,678.5829467773438,-2186.332275390625,668.4844970703125,-2202.052734375,669.122314453125,-2201.71044921875,643.7274780273438,-2242.68115234375,,,,,,,,,,,,,,,,,,,,,,,,,,,,,,,,,,
77,650.2534790039062,-2218.72705078125,728.9063720703125,-2112.131103515625,681.0193481445312,-2182.354248046875,,,,,,,,,679.1119384765625,-2185.5,669.0708618164062,-2201.16455078125,669.9505615234375,-2200.81689453125,643.9209594726562,-2242.03369140625,,,,,,,,,,,,,,,,,,,,,,,,,,,,,,,,,,
78,649.5164184570312,-2219.786376953125,729.68017578125,-2111.01171875,681.296142578125,-2181.919189453125,,,,,,,,,679.7205200195312,-2184.56494140625,669.6964111328125,-2200.260009765625,670.6560668945312,-2199.81201171875,644.07177734375,-2241.49755859375,,,,,,,,,,,,,,,,,,,,,,,,,,,,,,,,,,
79,648.8151245117188,-2220.900146484375,730.473388671875,-2109.90283203125,681.8677978515625,-2181.058837890625,,,,,,,,,680.31884765625,-2183.63232421875,670.306640625,-2199.32373046875,671.3578491210938,-2198.803466796875,644.203125,-2241.234130859375,,,,,,,,,,,,,,,,,,,,,,,,,,,,,,,,,,
80,648.118408203125,-2222.03955078125,731.2654418945312,-2108.79443359375,682.1646118164062,-2180.6767578125,,,,,,,,,680.9303588867188,-2182.71533203125,670.8671875,-2198.338134765625,671.9321899414062,-2197.8818359375,644.3146362304688,-2240.895263671875,,,,,,,,,,,,,,,,,,,,,,,,,,,,,,,,,,
81,647.4200439453125,-2223.117919921875,732.049072265625,-2107.6767578125,682.4628295898438,-2180.191162109375,,,,,,,,,,,671.4938354492188,-2197.376708984375,672.61083984375,-2196.889404296875,644.5823364257812,-2240.301513671875,,,,,,,,,,,,,,,,,,,,,,,,,,,,,,,,,,
82,646.6798706054688,-2224.197021484375,732.8389892578125,-2106.5634765625,683.0081176757812,-2179.380126953125,,,,,,,,,,,672.1151123046875,-2196.41064453125,673.2887573242188,-2195.8994140625,644.9921875,-2239.605224609375,,,,,,,,,,,,,,,,,,,,,,,,,,,,,,,,,,
83,646.0014038085938,-2225.298095703125,733.6414794921875,-2105.45361328125,683.4039916992188,-2178.8125,,,,,,,,,,,672.7200927734375,-2195.434814453125,673.7642822265625,-2195.106201171875,645.3937377929688,-2238.8935546875,,,,,,,,,,,,,,,,,,,,,,,,,,,,,,,,,,
84,645.4482421875,-2226.144287109375,,,683.6416625976562,-2178.402099609375,,,,,,,,,,,,,674.344970703125,-2194.268310546875,645.6544799804688,-2238.396728515625,,,,,,,,,,,,,,,,,,,,,,,,,,,,,,,,,,
85,644.7295532226562,-2227.255615234375,,,683.9597778320312,-2178.036865234375,,,,,,,,,,,,,674.9879760742188,-2193.322998046875,645.8762817382812,-2238.0478515625,,,,,,,,,,,,,,,,,,,,,,,,,,,,,,,,,,
86,644.021484375,-2228.421630859375,,,684.2578735351562,-2177.65087890625,,,,,,,,,,,,,675.6296997070312,-2192.376953125,646.1346435546875,-2237.593017578125,,,,,,,,,,,,,,,,,,,,,,,,,,,,,,,,,,
87,643.3764038085938,-2229.494140625,,,684.61767578125,-2177.22509765625,,,,,,,,,,,,,676.2294921875,-2191.7060546875,646.4140014648438,-2237.10400390625,,,,,,,,,,,,,,,,,,,,,,,,,,,,,,,,,,
88,642.6920166015625,-2230.56201171875,,,684.9375610351562,-2176.75341796875,,,,,,,,,,,,,676.865234375,-2190.803955078125,646.8128051757812,-2236.6181640625,,,,,,,,,,,,,,,,,,,,,,,,,,,,,,,,,,
89,641.9100952148438,-2231.688232421875,,,685.2152099609375,-2176.325927734375,,,,,,,,,,,,,677.5104370117188,-2189.909912109375,647.2200927734375,-2235.98046875,,,,,,,,,,,,,,,,,,,,,,,,,,,,,,,,,,
90,641.2457275390625,-2232.781982421875,,,685.5633544921875,-2175.943115234375,,,,,,,,,,,,,677.9238891601562,-2189.3134765625,647.6373901367188,-2235.351806640625,,,,,,,,,,,,,,,,,,,,,,,,,,,,,,,,,,
91,640.5656127929688,-2233.88525390625,,,685.8256225585938,-2175.520751953125,,,,,,,,,,,,,678.52880859375,-2188.43994140625,648.0717163085938,-2234.6533203125,,,,,,,,,,,,,,,,,,,,,,,,,,,,,,,,,,
92,640.0121459960938,-2234.730224609375,,,686.1536254882812,-2175.1064453125,,,,,,,,,,,,,679.1305541992188,-2187.5654296875,648.5458374023438,-2233.944091796875,,,,,,,,,,,,,,,,,,,,,,,,,,,,,,,,,,
93,639.2789306640625,-2235.869873046875,,,686.4854125976562,-2174.70849609375,,,,,,,,,,,,,679.7386474609375,-2186.69775390625,648.9738159179688,-2233.2109375,,,,,,,,,,,,,,,,,,,,,,,,,,,,,,,,,,
94,638.5264282226562,-2236.94970703125,,,686.759765625,-2174.34619140625,,,,,,,,,,,,,680.3396606445312,-2185.822998046875,649.415771484375,-2232.51318359375,,,,,,,,,,,,,,,,,,,,,,,,,,,,,,,,,,
95,637.8515014648438,-2238.010009765625,,,687.0888671875,-2173.88671875,,,,,,,,,,,,,,,649.8434448242188,-2231.774169921875,,,,,,,,,,,,,,,,,,,,,,,,,,,,,,,,,,
96,637.3019409179688,-2238.864501953125,,,687.4475708007812,-2173.431884765625,,,,,,,,,,,,,,,650.3312377929688,-2231.05224609375,,,,,,,,,,,,,,,,,,,,,,,,,,,,,,,,,,
97,636.587646484375,-2240.015380859375,,,687.7736206054688,-2172.981689453125,,,,,,,,,,,,,,,650.836181640625,-2230.30517578125,,,,,,,,,,,,,,,,,,,,,,,,,,,,,,,,,,
98,635.8720092773438,-2241.11376953125,,,687.8298950195312,-2173.00390625,,,,,,,,,,,,,,,651.2827758789062,-2229.537353515625,,,,,,,,,,,,,,,,,,,,,,,,,,,,,,,,,,
99,635.195556640625,-2242.213623046875,,,688.1355590820312,-2172.828125,,,,,,,,,,,,,,,651.6226806640625,-2228.929931640625,,,,,,,,,,,,,,,,,,,,,,,,,,,,,,,,,,
100,634.4585571289062,-2243.23046875,,,688.3222045898438,-2172.57666015625,,,,,,,,,,,,,,,652.0379028320312,-2228.3193359375,,,,,,,,,,,,,,,,,,,,,,,,,,,,,,,,,,
101,633.7882690429688,-2244.2490234375,,,688.6213989257812,-2172.235595703125,,,,,,,,,,,,,,,652.45263671875,-2227.6650390625,,,,,,,,,,,,,,,,,,,,,,,,,,,,,,,,,,
102,633.1345825195312,-2245.215087890625,,,688.900634765625,-2171.885986328125,,,,,,,,,,,,,,,653.0481567382812,-2226.80126953125,,,,,,,,,,,,,,,,,,,,,,,,,,,,,,,,,,
103,632.6240844726562,-2246.09228515625,,,689.174072265625,-2171.552001953125,,,,,,,,,,,,,,,653.6270751953125,-2226.004150390625,,,,,,,,,,,,,,,,,,,,,,,,,,,,,,,,,,
104,631.8778076171875,-2247.20654296875,,,689.4471435546875,-2171.212158203125,,,,,,,,,,,,,,,654.1788330078125,-2225.153564453125,,,,,,,,,,,,,,,,,,,,,,,,,,,,,,,,,,
105,631.2024536132812,-2248.292724609375,,,689.7274780273438,-2170.87109375,,,,,,,,,,,,,,,654.8032836914062,-2224.349609375,,,,,,,,,,,,,,,,,,,,,,,,,,,,,,,,,,
106,630.5064086914062,-2249.330810546875,,,,,,,,,,,,,,,,,,,655.351318359375,-2223.53271484375,,,,,,,,,,,,,,,,,,,,,,,,,,,,,,,,,,
107,629.8101196289062,-2250.3740234375,,,,,,,,,,,,,,,,,,,655.8670654296875,-2222.70458984375,,,,,,,,,,,,,,,,,,,,,,,,,,,,,,,,,,
108,629.1412353515625,-2251.38623046875,,,,,,,,,,,,,,,,,,,656.3861083984375,-2221.875244140625,,,,,,,,,,,,,,,,,,,,,,,,,,,,,,,,,,
109,628.445556640625,-2252.460205078125,,,,,,,,,,,,,,,,,,,656.8868408203125,-2221.0390625,,,,,,,,,,,,,,,,,,,,,,,,,,,,,,,,,,
110,627.7928466796875,-2253.5478515625,,,,,,,,,,,,,,,,,,,657.441650390625,-2220.2294921875,,,,,,,,,,,,,,,,,,,,,,,,,,,,,,,,,,
111,627.1987915039062,-2254.51953125,,,,,,,,,,,,,,,,,,,657.9935302734375,-2219.424072265625,,,,,,,,,,,,,,,,,,,,,,,,,,,,,,,,,,
112,626.6697387695312,-2255.357177734375,,,,,,,,,,,,,,,,,,,658.5330200195312,-2218.610595703125,,,,,,,,,,,,,,,,,,,,,,,,,,,,,,,,,,
113,626.08544921875,-2256.236328125,,,,,,,,,,,,,,,,,,,,,,,,,,,,,,,,,,,,,,,,,,,,,,,,,,,,,,
114,625.4856567382812,-2257.20654296875,,,,,,,,,,,,,,,,,,,,,,,,,,,,,,,,,,,,,,,,,,,,,,,,,,,,,,
115,624.816162109375,-2258.15283203125,,,,,,,,,,,,,,,,,,,,,,,,,,,,,,,,,,,,,,,,,,,,,,,,,,,,,,
116,623.99462890625,-2259.376953125,,,,,,,,,,,,,,,,,,,,,,,,,,,,,,,,,,,,,,,,,,,,,,,,,,,,,,
117,623.3064575195312,-2260.422119140625,,,,,,,,,,,,,,,,,,,,,,,,,,,,,,,,,,,,,,,,,,,,,,,,,,,,,,
118,622.6304321289062,-2261.367431640625,,,,,,,,,,,,,,,,,,,,,,,,,,,,,,,,,,,,,,,,,,,,,,,,,,,,,,
119,622.0379028320312,-2262.21337890625,,,,,,,,,,,,,,,,,,,,,,,,,,,,,,,,,,,,,,,,,,,,,,,,,,,,,,
120,621.458984375,-2263.123046875,,,,,,,,,,,,,,,,,,,,,,,,,,,,,,,,,,,,,,,,,,,,,,,,,,,,,,
121,620.866455078125,-2264.021240234375,,,,,,,,,,,,,,,,,,,,,,,,,,,,,,,,,,,,,,,,,,,,,,,,,,,,,,
122,620.2255859375,-2264.92626953125,,,,,,,,,,,,,,,,,,,,,,,,,,,,,,,,,,,,,,,,,,,,,,,,,,,,,,
123,619.5330200195312,-2265.9228515625,,,,,,,,,,,,,,,,,,,,,,,,,,,,,,,,,,,,,,,,,,,,,,,,,,,,,,
124,618.8885498046875,-2266.877685546875,,,,,,,,,,,,,,,,,,,,,,,,,,,,,,,,,,,,,,,,,,,,,,,,,,,,,,
125,618.2046508789062,-2267.935791015625,,,,,,,,,,,,,,,,,,,,,,,,,,,,,,,,,,,,,,,,,,,,,,,,,,,,,,
126,617.560791015625,-2268.914794921875,,,,,,,,,,,,,,,,,,,,,,,,,,,,,,,,,,,,,,,,,,,,,,,,,,,,,,
127,616.9419555664062,-2269.80712890625,,,,,,,,,,,,,,,,,,,,,,,,,,,,,,,,,,,,,,,,,,,,,,,,,,,,,,
128,616.322509765625,-2270.745361328125,,,,,,,,,,,,,,,,,,,,,,,,,,,,,,,,,,,,,,,,,,,,,,,,,,,,,,
129,615.7666625976562,-2271.52587890625,,,,,,,,,,,,,,,,,,,,,,,,,,,,,,,,,,,,,,,,,,,,,,,,,,,,,,
130,615.1270141601562,-2272.4931640625,,,,,,,,,,,,,,,,,,,,,,,,,,,,,,,,,,,,,,,,,,,,,,,,,,,,,,
131,614.485107421875,-2273.410400390625,,,,,,,,,,,,,,,,,,,,,,,,,,,,,,,,,,,,,,,,,,,,,,,,,,,,,,
132,613.9383544921875,-2274.213623046875,,,,,,,,,,,,,,,,,,,,,,,,,,,,,,,,,,,,,,,,,,,,,,,,,,,,,,
133,613.3115844726562,-2275.1533203125,,,,,,,,,,,,,,,,,,,,,,,,,,,,,,,,,,,,,,,,,,,,,,,,,,,,,,
134,612.6759033203125,-2276.074462890625,,,,,,,,,,,,,,,,,,,,,,,,,,,,,,,,,,,,,,,,,,,,,,,,,,,,,,
135,612.1809692382812,-2276.85107421875,,,,,,,,,,,,,,,,,,,,,,,,,,,,,,,,,,,,,,,,,,,,,,,,,,,,,,
136,611.6061401367188,-2277.73046875,,,,,,,,,,,,,,,,,,,,,,,,,,,,,,,,,,,,,,,,,,,,,,,,,,,,,,
137,611.0538940429688,-2278.593994140625,,,,,,,,,,,,,,,,,,,,,,,,,,,,,,,,,,,,,,,,,,,,,,,,,,,,,,
138,610.5575561523438,-2279.366943359375,,,,,,,,,,,,,,,,,,,,,,,,,,,,,,,,,,,,,,,,,,,,,,,,,,,,,,
139,610.0140380859375,-2280.19482421875,,,,,,,,,,,,,,,,,,,,,,,,,,,,,,,,,,,,,,,,,,,,,,,,,,,,,,
140,609.460693359375,-2281.016845703125,,,,,,,,,,,,,,,,,,,,,,,,,,,,,,,,,,,,,,,,,,,,,,,,,,,,,,
141,608.8298950195312,-2282.009033203125,,,,,,,,,,,,,,,,,,,,,,,,,,,,,,,,,,,,,,,,,,,,,,,,,,,,,,
142,608.2572631835938,-2282.907958984375,,,,,,,,,,,,,,,,,,,,,,,,,,,,,,,,,,,,,,,,,,,,,,,,,,,,,,
143,607.7682495117188,-2283.651611328125,,,,,,,,,,,,,,,,,,,,,,,,,,,,,,,,,,,,,,,,,,,,,,,,,,,,,,
144,607.2691040039062,-2284.428466796875,,,,,,,,,,,,,,,,,,,,,,,,,,,,,,,,,,,,,,,,,,,,,,,,,,,,,,
145,606.80419921875,-2285.18017578125,,,,,,,,,,,,,,,,,,,,,,,,,,,,,,,,,,,,,,,,,,,,,,,,,,,,,,
146,606.3400268554688,-2285.99609375,,,,,,,,,,,,,,,,,,,,,,,,,,,,,,,,,,,,,,,,,,,,,,,,,,,,,,
147,605.8338623046875,-2286.86328125,,,,,,,,,,,,,,,,,,,,,,,,,,,,,,,,,,,,,,,,,,,,,,,,,,,,,,
148,605.3828735351562,-2287.727783203125,,,,,,,,,,,,,,,,,,,,,,,,,,,,,,,,,,,,,,,,,,,,,,,,,,,,,,
149,604.8847045898438,-2288.594482421875,,,,,,,,,,,,,,,,,,,,,,,,,,,,,,,,,,,,,,,,,,,,,,,,,,,,,,
150,604.4824829101562,-2289.342041015625,,,,,,,,,,,,,,,,,,,,,,,,,,,,,,,,,,,,,,,,,,,,,,,,,,,,,,
151,603.8834838867188,-2290.41162109375,,,,,,,,,,,,,,,,,,,,,,,,,,,,,,,,,,,,,,,,,,,,,,,,,,,,,,
152,603.44482421875,-2291.242431640625,,,,,,,,,,,,,,,,,,,,,,,,,,,,,,,,,,,,,,,,,,,,,,,,,,,,,,
153,602.9188232421875,-2292.16064453125,,,,,,,,,,,,,,,,,,,,,,,,,,,,,,,,,,,,,,,,,,,,,,,,,,,,,,
154,602.5092163085938,-2292.95947265625,,,,,,,,,,,,,,,,,,,,,,,,,,,,,,,,,,,,,,,,,,,,,,,,,,,,,,
155,602.1085205078125,-2293.73876953125,,,,,,,,,,,,,,,,,,,,,,,,,,,,,,,,,,,,,,,,,,,,,,,,,,,,,,
156,601.6616821289062,-2294.695068359375,,,,,,,,,,,,,,,,,,,,,,,,,,,,,,,,,,,,,,,,,,,,,,,,,,,,,,
157,601.2623291015625,-2295.510498046875,,,,,,,,,,,,,,,,,,,,,,,,,,,,,,,,,,,,,,,,,,,,,,,,,,,,,,
158,600.8776245117188,-2296.314697265625,,,,,,,,,,,,,,,,,,,,,,,,,,,,,,,,,,,,,,,,,,,,,,,,,,,,,,
159,600.4688720703125,-2297.289306640625,,,,,,,,,,,,,,,,,,,,,,,,,,,,,,,,,,,,,,,,,,,,,,,,,,,,,,
160,600.0015258789062,-2298.361328125,,,,,,,,,,,,,,,,,,,,,,,,,,,,,,,,,,,,,,,,,,,,,,,,,,,,,,
161,599.6683959960938,-2299.084716796875,,,,,,,,,,,,,,,,,,,,,,,,,,,,,,,,,,,,,,,,,,,,,,,,,,,,,,
162,599.26611328125,-2300.045166015625,,,,,,,,,,,,,,,,,,,,,,,,,,,,,,,,,,,,,,,,,,,,,,,,,,,,,,
163,598.784423828125,-2301.08447265625,,,,,,,,,,,,,,,,,,,,,,,,,,,,,,,,,,,,,,,,,,,,,,,,,,,,,,
164,598.4127197265625,-2301.920654296875,,,,,,,,,,,,,,,,,,,,,,,,,,,,,,,,,,,,,,,,,,,,,,,,,,,,,,
165,597.9962158203125,-2302.9150390625,,,,,,,,,,,,,,,,,,,,,,,,,,,,,,,,,,,,,,,,,,,,,,,,,,,,,,
166,597.6041259765625,-2303.88427734375,,,,,,,,,,,,,,,,,,,,,,,,,,,,,,,,,,,,,,,,,,,,,,,,,,,,,,
167,597.1974487304688,-2304.7890625,,,,,,,,,,,,,,,,,,,,,,,,,,,,,,,,,,,,,,,,,,,,,,,,,,,,,,
168,596.7889404296875,-2305.744140625,,,,,,,,,,,,,,,,,,,,,,,,,,,,,,,,,,,,,,,,,,,,,,,,,,,,,,
169,596.4359741210938,-2306.5849609375,,,,,,,,,,,,,,,,,,,,,,,,,,,,,,,,,,,,,,,,,,,,,,,,,,,,,,
170,596.04833984375,-2307.5654296875,,,,,,,,,,,,,,,,,,,,,,,,,,,,,,,,,,,,,,,,,,,,,,,,,,,,,,
171,595.6576538085938,-2308.4951171875,,,,,,,,,,,,,,,,,,,,,,,,,,,,,,,,,,,,,,,,,,,,,,,,,,,,,,
172,595.322265625,-2309.297119140625,,,,,,,,,,,,,,,,,,,,,,,,,,,,,,,,,,,,,,,,,,,,,,,,,,,,,,
173,594.97265625,-2310.14013671875,,,,,,,,,,,,,,,,,,,,,,,,,,,,,,,,,,,,,,,,,,,,,,,,,,,,,,
174,594.6382446289062,-2311.0546875,,,,,,,,,,,,,,,,,,,,,,,,,,,,,,,,,,,,,,,,,,,,,,,,,,,,,,
175,594.2608032226562,-2311.9619140625,,,,,,,,,,,,,,,,,,,,,,,,,,,,,,,,,,,,,,,,,,,,,,,,,,,,,,
176,593.812744140625,-2312.98876953125,,,,,,,,,,,,,,,,,,,,,,,,,,,,,,,,,,,,,,,,,,,,,,,,,,,,,,
177,593.351318359375,-2313.936279296875,,,,,,,,,,,,,,,,,,,,,,,,,,,,,,,,,,,,,,,,,,,,,,,,,,,,,,
178,592.9960327148438,-2314.61572265625,,,,,,,,,,,,,,,,,,,,,,,,,,,,,,,,,,,,,,,,,,,,,,,,,,,,,,
179,592.5322265625,-2315.553466796875,,,,,,,,,,,,,,,,,,,,,,,,,,,,,,,,,,,,,,,,,,,,,,,,,,,,,,
180,592.0573120117188,-2316.548095703125,,,,,,,,,,,,,,,,,,,,,,,,,,,,,,,,,,,,,,,,,,,,,,,,,,,,,,
181,591.591064453125,-2317.4375,,,,,,,,,,,,,,,,,,,,,,,,,,,,,,,,,,,,,,,,,,,,,,,,,,,,,,
182,591.1563110351562,-2318.250244140625,,,,,,,,,,,,,,,,,,,,,,,,,,,,,,,,,,,,,,,,,,,,,,,,,,,,,,
183,590.6630249023438,-2319.208251953125,,,,,,,,,,,,,,,,,,,,,,,,,,,,,,,,,,,,,,,,,,,,,,,,,,,,,,
184,590.1982421875,-2320.125732421875,,,,,,,,,,,,,,,,,,,,,,,,,,,,,,,,,,,,,,,,,,,,,,,,,,,,,,
185,589.7055053710938,-2321.046875,,,,,,,,,,,,,,,,,,,,,,,,,,,,,,,,,,,,,,,,,,,,,,,,,,,,,,
186,589.25634765625,-2321.852294921875,,,,,,,,,,,,,,,,,,,,,,,,,,,,,,,,,,,,,,,,,,,,,,,,,,,,,,
187,588.7399291992188,-2322.783935546875,,,,,,,,,,,,,,,,,,,,,,,,,,,,,,,,,,,,,,,,,,,,,,,,,,,,,,
188,588.2550659179688,-2323.6357421875,,,,,,,,,,,,,,,,,,,,,,,,,,,,,,,,,,,,,,,,,,,,,,,,,,,,,,
189,587.782470703125,-2324.474609375,,,,,,,,,,,,,,,,,,,,,,,,,,,,,,,,,,,,,,,,,,,,,,,,,,,,,,
190,587.3175659179688,-2325.29296875,,,,,,,,,,,,,,,,,,,,,,,,,,,,,,,,,,,,,,,,,,,,,,,,,,,,,,
191,586.9351196289062,-2325.9296875,,,,,,,,,,,,,,,,,,,,,,,,,,,,,,,,,,,,,,,,,,,,,,,,,,,,,,
192,586.4984130859375,-2326.6416015625,,,,,,,,,,,,,,,,,,,,,,,,,,,,,,,,,,,,,,,,,,,,,,,,,,,,,,
193,586.1507568359375,-2327.293212890625,,,,,,,,,,,,,,,,,,,,,,,,,,,,,,,,,,,,,,,,,,,,,,,,,,,,,,
194,585.6304931640625,-2328.197265625,,,,,,,,,,,,,,,,,,,,,,,,,,,,,,,,,,,,,,,,,,,,,,,,,,,,,,
195,585.1256713867188,-2329.086181640625,,,,,,,,,,,,,,,,,,,,,,,,,,,,,,,,,,,,,,,,,,,,,,,,,,,,,,
196,584.637939453125,-2329.824951171875,,,,,,,,,,,,,,,,,,,,,,,,,,,,,,,,,,,,,,,,,,,,,,,,,,,,,,
197,584.1149291992188,-2330.61669921875,,,,,,,,,,,,,,,,,,,,,,,,,,,,,,,,,,,,,,,,,,,,,,,,,,,,,,
198,583.5931396484375,-2331.36865234375,,,,,,,,,,,,,,,,,,,,,,,,,,,,,,,,,,,,,,,,,,,,,,,,,,,,,,
199,583.0877075195312,-2332.12841796875,,,,,,,,,,,,,,,,,,,,,,,,,,,,,,,,,,,,,,,,,,,,,,,,,,,,,,
200,582.6150512695312,-2332.870361328125,,,,,,,,,,,,,,,,,,,,,,,,,,,,,,,,,,,,,,,,,,,,,,,,,,,,,,
201,582.1618041992188,-2333.603759765625,,,,,,,,,,,,,,,,,,,,,,,,,,,,,,,,,,,,,,,,,,,,,,,,,,,,,,
202,581.8334350585938,-2334.08544921875,,,,,,,,,,,,,,,,,,,,,,,,,,,,,,,,,,,,,,,,,,,,,,,,,,,,,,
203,581.4786987304688,-2334.650634765625,,,,,,,,,,,,,,,,,,,,,,,,,,,,,,,,,,,,,,,,,,,,,,,,,,,,,,
204,581.0805053710938,-2335.24462890625,,,,,,,,,,,,,,,,,,,,,,,,,,,,,,,,,,,,,,,,,,,,,,,,,,,,,,
205,580.4541625976562,-2336.10205078125,,,,,,,,,,,,,,,,,,,,,,,,,,,,,,,,,,,,,,,,,,,,,,,,,,,,,,
206,579.9204711914062,-2336.781982421875,,,,,,,,,,,,,,,,,,,,,,,,,,,,,,,,,,,,,,,,,,,,,,,,,,,,,,
207,579.5447387695312,-2337.27685546875,,,,,,,,,,,,,,,,,,,,,,,,,,,,,,,,,,,,,,,,,,,,,,,,,,,,,,
208,579.1276245117188,-2337.841796875,,,,,,,,,,,,,,,,,,,,,,,,,,,,,,,,,,,,,,,,,,,,,,,,,,,,,,
209,578.5256958007812,-2338.64501953125,,,,,,,,,,,,,,,,,,,,,,,,,,,,,,,,,,,,,,,,,,,,,,,,,,,,,,
210,578.0638427734375,-2339.268310546875,,,,,,,,,,,,,,,,,,,,,,,,,,,,,,,,,,,,,,,,,,,,,,,,,,,,,,
211,577.5978393554688,-2339.941162109375,,,,,,,,,,,,,,,,,,,,,,,,,,,,,,,,,,,,,,,,,,,,,,,,,,,,,,
212,577.0411376953125,-2340.68212890625,,,,,,,,,,,,,,,,,,,,,,,,,,,,,,,,,,,,,,,,,,,,,,,,,,,,,,
213,576.5086059570312,-2341.393310546875,,,,,,,,,,,,,,,,,,,,,,,,,,,,,,,,,,,,,,,,,,,,,,,,,,,,,,
214,576.0471801757812,-2341.95703125,,,,,,,,,,,,,,,,,,,,,,,,,,,,,,,,,,,,,,,,,,,,,,,,,,,,,,
215,575.534423828125,-2342.613525390625,,,,,,,,,,,,,,,,,,,,,,,,,,,,,,,,,,,,,,,,,,,,,,,,,,,,,,
216,575.0528564453125,-2343.28271484375,,,,,,,,,,,,,,,,,,,,,,,,,,,,,,,,,,,,,,,,,,,,,,,,,,,,,,
217,574.594970703125,-2343.90234375,,,,,,,,,,,,,,,,,,,,,,,,,,,,,,,,,,,,,,,,,,,,,,,,,,,,,,
218,574.109619140625,-2344.56103515625,,,,,,,,,,,,,,,,,,,,,,,,,,,,,,,,,,,,,,,,,,,,,,,,,,,,,,
219,573.6751708984375,-2345.150146484375,,,,,,,,,,,,,,,,,,,,,,,,,,,,,,,,,,,,,,,,,,,,,,,,,,,,,,
220,573.2572631835938,-2345.7236328125,,,,,,,,,,,,,,,,,,,,,,,,,,,,,,,,,,,,,,,,,,,,,,,,,,,,,,
221,572.8328857421875,-2346.272705078125,,,,,,,,,,,,,,,,,,,,,,,,,,,,,,,,,,,,,,,,,,,,,,,,,,,,,,
222,572.3053588867188,-2346.884765625,,,,,,,,,,,,,,,,,,,,,,,,,,,,,,,,,,,,,,,,,,,,,,,,,,,,,,
223,571.8462524414062,-2347.45849609375,,,,,,,,,,,,,,,,,,,,,,,,,,,,,,,,,,,,,,,,,,,,,,,,,,,,,,
224,571.355224609375,-2348.046630859375,,,,,,,,,,,,,,,,,,,,,,,,,,,,,,,,,,,,,,,,,,,,,,,,,,,,,,
225,571.1346435546875,-2348.331787109375,,,,,,,,,,,,,,,,,,,,,,,,,,,,,,,,,,,,,,,,,,,,,,,,,,,,,,
226,570.6262817382812,-2348.986572265625,,,,,,,,,,,,,,,,,,,,,,,,,,,,,,,,,,,,,,,,,,,,,,,,,,,,,,
227,570.078125,-2349.626953125,,,,,,,,,,,,,,,,,,,,,,,,,,,,,,,,,,,,,,,,,,,,,,,,,,,,,,
228,569.7511596679688,-2350.0556640625,,,,,,,,,,,,,,,,,,,,,,,,,,,,,,,,,,,,,,,,,,,,,,,,,,,,,,
229,569.1757202148438,-2350.7265625,,,,,,,,,,,,,,,,,,,,,,,,,,,,,,,,,,,,,,,,,,,,,,,,,,,,,,
230,568.6296997070312,-2351.366455078125,,,,,,,,,,,,,,,,,,,,,,,,,,,,,,,,,,,,,,,,,,,,,,,,,,,,,,
231,568.1436157226562,-2351.96728515625,,,,,,,,,,,,,,,,,,,,,,,,,,,,,,,,,,,,,,,,,,,,,,,,,,,,,,
232,567.6710815429688,-2352.536376953125,,,,,,,,,,,,,,,,,,,,,,,,,,,,,,,,,,,,,,,,,,,,,,,,,,,,,,
233,567.2206420898438,-2353.140869140625,,,,,,,,,,,,,,,,,,,,,,,,,,,,,,,,,,,,,,,,,,,,,,,,,,,,,,
234,566.8140869140625,-2353.681396484375,,,,,,,,,,,,,,,,,,,,,,,,,,,,,,,,,,,,,,,,,,,,,,,,,,,,,,
235,566.3885498046875,-2354.22705078125,,,,,,,,,,,,,,,,,,,,,,,,,,,,,,,,,,,,,,,,,,,,,,,,,,,,,,
236,565.96728515625,-2354.72119140625,,,,,,,,,,,,,,,,,,,,,,,,,,,,,,,,,,,,,,,,,,,,,,,,,,,,,,
237,565.72998046875,-2355.06591796875,,,,,,,,,,,,,,,,,,,,,,,,,,,,,,,,,,,,,,,,,,,,,,,,,,,,,,
238,565.2289428710938,-2355.6982421875,,,,,,,,,,,,,,,,,,,,,,,,,,,,,,,,,,,,,,,,,,,,,,,,,,,,,,
239,564.7445068359375,-2356.29345703125,,,,,,,,,,,,,,,,,,,,,,,,,,,,,,,,,,,,,,,,,,,,,,,,,,,,,,
240,564.3140258789062,-2356.8916015625,,,,,,,,,,,,,,,,,,,,,,,,,,,,,,,,,,,,,,,,,,,,,,,,,,,,,,
241,563.8798217773438,-2357.42578125,,,,,,,,,,,,,,,,,,,,,,,,,,,,,,,,,,,,,,,,,,,,,,,,,,,,,,
242,563.5243530273438,-2357.900390625,,,,,,,,,,,,,,,,,,,,,,,,,,,,,,,,,,,,,,,,,,,,,,,,,,,,,,
243,563.1805419921875,-2358.392333984375,,,,,,,,,,,,,,,,,,,,,,,,,,,,,,,,,,,,,,,,,,,,,,,,,,,,,,
244,562.8776245117189,-2358.747314453125,,,,,,,,,,,,,,,,,,,,,,,,,,,,,,,,,,,,,,,,,,,,,,,,,,,,,,
245,562.5599365234375,-2359.181884765625,,,,,,,,,,,,,,,,,,,,,,,,,,,,,,,,,,,,,,,,,,,,,,,,,,,,,,
246,562.1126098632811,-2359.73046875,,,,,,,,,,,,,,,,,,,,,,,,,,,,,,,,,,,,,,,,,,,,,,,,,,,,,,
247,561.7141723632811,-2360.2275390625,,,,,,,,,,,,,,,,,,,,,,,,,,,,,,,,,,,,,,,,,,,,,,,,,,,,,,
