frame_index_interval_start,frame_index_interval_end,host,start_time,end_time,scene_index
1944117,1944365,host-a102,1578676015714609664,1578676040714609664,7827
3969278,3969526,host-a103,1579905656490868480,1579905681490868480,15982
2577576,2577824,host-a102,1581460565486042112,1581460590486042112,10378
38251,38500,host-a101,1571846680559984640,1571846705559984640,154
2329810,2330059,host-a102,1580324274958532352,1580324299958532352,9380
3725897,3726145,host-a103,1578525397532153088,1578525422532153088,15002
1106813,1107062,host-a101,1581111348437786880,1581111373437786880,4455
2057830,2058079,host-a102,1579626854842919680,1579626879842919680,8285
2613339,2613587,host-a102,1582050976877568768,1582051001877568768,10522
698187,698436,host-a101,1576185023457925888,1576185048457925888,2810
306162,306411,host-a101,1573598841653772288,1573598866653772288,1233
271649,271897,host-a101,1573501841731904256,1573501866731904256,1094
863396,863645,host-a101,1579904875546417920,1579904900546417920,3475
3358188,3358436,host-a103,1576784856409053184,1576784881409053184,13521
742657,742906,host-a101,1576192876962281728,1576192901962281728,2989
95615,95863,host-a101,1572475036714356992,1572475061714356992,385
3288953,3289202,host-a103,1576773889047113728,1576773914047113728,13242
3743524,3743773,host-a103,1579283186043722752,1579283211043722752,15073
179028,179277,host-a101,1573079142663547648,1573079167663547648,721
1391381,1391629,host-a101,1583183343621092096,1583183368621092096,5601
2454956,2455204,host-a102,1580940747120759808,1580940772120759808,9884
948618,948866,host-a101,1580747686200733696,1580747711200733696,3818
340722,340970,host-a101,1574355300373554944,1574355325373554944,1372
1994282,1994531,host-a102,1578944885156498176,1578944910156498176,8029
2364607,2364855,host-a102,1580836244517614080,1580836269517614080,9520
3630364,3630612,host-a103,1578348407395714816,1578348432395714816,14617
756087,756335,host-a101,1576537737202615808,1576537762202615808,3043
3259158,3259407,host-a103,1575584050660832768,1575584075660832768,13122
3402373,3402621,host-a103,1577813806601601024,1577813831601601024,13699
3018929,3019177,host-a103,1574703007115920128,1574703032115920128,12155
3817555,3817803,host-a103,1579302345373422080,1579302370373422080,15371
1248360,1248608,host-a101,1582923943021106944,1582923968021106944,5025
371281,371530,host-a101,1574364029637238272,1574364054637238272,1495
2155680,2155928,host-a102,1579649967088442368,1579649992088442368,8679
3307559,3307807,host-a103,1576776294106246400,1576776319106246400,13317
50658,50906,host-a101,1571848991501884160,1571849016501884160,204
3550163,3550412,host-a103,1578072247668115200,1578072272668115200,14294
2762081,2762329,host-a103,1573330919297485056,1573330944297485056,11121
3255182,3255430,host-a103,1575583602299299072,1575583627299299072,13106
3678752,3679000,host-a103,1578502778207886592,1578502803207886592,14812
2131337,2131586,host-a102,1579647116934357504,1579647141934357504,8581
2472070,2472318,host-a102,1581111911190336768,1581111936190336768,9953
1360079,1360327,host-a101,1583174672683965952,1583174697683965952,5475
2078439,2078687,host-a102,1579629782214680320,1579629807214680320,8368
288534,288782,host-a101,1573595895490671360,1573595920490671360,1162
3210959,3211207,host-a103,1575569534934466304,1575569559934466304,12928
644718,644967,host-a101,1576171508125423360,1576171533125423360,2595
3919644,3919892,host-a103,1579644627503737856,1579644652503737856,15782
93877,94126,host-a101,1572312003964210688,1572312028964210688,378
785924,786173,host-a101,1578676004248111616,1578676029248111616,3163
3914430,3914678,host-a103,1579642400513719808,1579642425513719808,15761
561210,561458,host-a101,1575394400886924032,1575394425886924032,2259
3730862,3731111,host-a103,1578527114457642496,1578527139457642496,15022
3827227,3827475,host-a103,1579624477823595008,1579624502823595008,15410
165127,165376,host-a101,1573074599947401728,1573074624947401728,665
1187817,1188065,host-a101,1581463854222226944,1581463879222226944,4781
2690801,2691049,host-a102,1582064648372623360,1582064673372623360,10834
3027140,3027389,host-a103,1574715787355238144,1574715812355238144,12188
452104,452353,host-a101,1574448451668718592,1574448476668718592,1820
3063399,3063648,host-a103,1574725504073297664,1574725529073297664,12334
3885108,3885357,host-a103,1579635052341701888,1579635077341701888,15643
541602,541851,host-a101,1575392042626348800,1575392067626348800,2180
566675,566924,host-a101,1576090428324662272,1576090453324662272,2281
1548781,1549029,host-a101,1583775033436170752,1583775058436170752,6235
2694030,2694278,host-a102,1582067239934776320,1582067264934776320,10847
2832653,2832901,host-a103,1574371907129739008,1574371932129739008,11405
2535833,2536081,host-a102,1581444953683546624,1581444978683546624,10210
3616201,3616450,host-a103,1578344615769379840,1578344640769379840,14560
2227464,2227712,host-a102,1579886308208216576,1579886333208216576,8968
1089674,1089922,host-a101,1580773080393924096,1580773105393924096,4386
1565673,1565922,host-a101,1583777080669967616,1583777105669967616,6303
2780977,2781226,host-a103,1573333387040711936,1573333412040711936,11197
3561337,3561585,host-a103,1578074706993875968,1578074731993875968,14339
500091,500339,host-a101,1575320830767205376,1575320855767205376,2013
2425926,2426174,host-a102,1580929798315075584,1580929823315075584,9767
3270591,3270839,host-a103,1575588217705388032,1575588242705388032,13168
2827188,2827437,host-a103,1574369876558967552,1574369901558967552,11383
3700101,3700349,host-a103,1578520701994135040,1578520726994135040,14898
73497,73745,host-a101,1571853160099920896,1571853185099920896,296
1575564,1575812,host-a101,1583779100673902080,1583779125673902080,6343
2994078,2994327,host-a103,1574625797668341504,1574625822668341504,12055
27814,28062,host-a101,1571845361382677504,1571845386382677504,112
3450568,3450816,host-a103,1577983804637048576,1577983829637048576,13893
2834885,2835133,host-a103,1574372132129739008,1574372157129739008,11414
3864234,3864483,host-a103,1579632125355094528,1579632150355094528,15559
2897725,2897973,host-a103,1574614582176233984,1574614607176233984,11667
3816563,3816811,host-a103,1579302245373422080,1579302270373422080,15367
632794,633042,host-a101,1576169563120505600,1576169588120505600,2547
145762,146011,host-a101,1573066441447949568,1573066466447949568,587
2845830,2846079,host-a103,1574373616246649856,1574373641246649856,11458
3282247,3282495,host-a103,1575589594624164608,1575589619624164608,13215
3828715,3828963,host-a103,1579624627823595008,1579624652823595008,15416
3499499,3499748,host-a103,1577991228166479360,1577991253166479360,14090
588056,588304,host-a101,1576098975609677312,1576099000609677312,2367
3179893,3180141,host-a103,1575564377600074752,1575564402600074752,12803
1985102,1985350,host-a102,1578943811673793792,1578943836673793792,7992
2662248,2662496,host-a102,1582060647287203840,1582060672287203840,10719
2739235,2739483,host-a103,1573254623685046016,1573254648685046016,11029
2127616,2127864,host-a102,1579643439115432448,1579643464115432448,8566
3831452,3831701,host-a103,1579625264359594752,1579625289359594752,15427
